TreeDepth,Index,Address,Module,Symbol
0,0,0xf804b992ee40,ntoskrnl,NtAccessCheck
0,1,0xf804b9a3ca40,ntoskrnl,NtWorkerFactoryWorkerReady
0,2,0xf804b9fc98f0,ntoskrnl,NtAcceptConnectPort
0,3,0xf804b9dd5610,ntoskrnl,NtMapUserPhysicalPagesScatter
0,4,0xf804b9e5b170,ntoskrnl,NtWaitForSingleObject
0,5,0xf804b9c73e20,ntoskrnl,NtCallbackReturn
0,6,0xf804b9e5a790,ntoskrnl,NtReadFile
0,7,0xf804b9e88a50,ntoskrnl,NtDeviceIoControlFile
0,8,0xf804b9e882c0,ntoskrnl,NtWriteFile
0,9,0xf804b9f68680,ntoskrnl,NtRemoveIoCompletion
0,10,0xf804b9f8f990,ntoskrnl,NtReleaseSemaphore
0,11,0xf804b9e9c160,ntoskrnl,NtReplyWaitReceivePort
0,12,0xf804b9fc2920,ntoskrnl,NtReplyPort
0,13,0xf804b9f45ea0,ntoskrnl,NtSetInformationThread
0,14,0xf804b9f66d50,ntoskrnl,NtSetEvent
0,15,0xf804b9e5ae10,ntoskrnl,NtClose
0,16,0xf804b9e84cc0,ntoskrnl,NtQueryObject
0,17,0xf804b9f420a0,ntoskrnl,NtQueryInformationFile
0,18,0xf804b9e1dcc0,ntoskrnl,NtOpenKey
0,19,0xf804b9e2cb30,ntoskrnl,NtEnumerateValueKey
0,20,0xf804b9ef1710,ntoskrnl,NtFindAtom
0,21,0xf804b9ed96b0,ntoskrnl,NtQueryDefaultLocale
0,22,0xf804b9e59ba0,ntoskrnl,NtQueryKey
0,23,0xf804b9e56e90,ntoskrnl,NtQueryValueKey
0,24,0xf804b9ecc910,ntoskrnl,NtAllocateVirtualMemory
0,25,0xf804b9fd6540,ntoskrnl,NtQueryInformationProcess
0,26,0xf804b9f8f690,ntoskrnl,NtWaitForMultipleObjects32
0,27,0xf804b9ce7130,ntoskrnl,NtWriteFileGather
0,28,0xf804b9f5c810,ntoskrnl,NtSetInformationProcess
0,29,0xf804b9e6c080,ntoskrnl,NtCreateKey
0,30,0xf804b9f61650,ntoskrnl,NtFreeVirtualMemory
0,31,0xf804ba0794b0,ntoskrnl,NtImpersonateClientOfPort
0,32,0xf804b9f70790,ntoskrnl,NtReleaseMutant
0,33,0xf804b9f4a710,ntoskrnl,NtQueryInformationToken
0,34,0xf804b9fa4b80,ntoskrnl,NtRequestWaitReplyPort
0,35,0xf804b9fba6a0,ntoskrnl,NtQueryVirtualMemory
0,36,0xf804b9e7cf60,ntoskrnl,NtOpenThreadToken
0,37,0xf804b9fb7040,ntoskrnl,NtQueryInformationThread
0,38,0xf804b9fd2bf0,ntoskrnl,NtOpenProcess
0,39,0xf804b98a91d0,ntoskrnl,NtSetInformationFile
0,40,0xf804b9eca900,ntoskrnl,NtMapViewOfSection
0,41,0xf804b9e40d60,ntoskrnl,NtAccessCheckAndAuditAlarm
0,42,0xf804b9ea4ca0,ntoskrnl,NtUnmapViewOfSection
0,43,0xf804b9e9c180,ntoskrnl,NtReplyWaitReceivePortEx
0,44,0xf804b9f5c4d0,ntoskrnl,NtTerminateProcess
0,45,0xf804ba06c990,ntoskrnl,NtSetEventBoostPriority
0,46,0xf804b9ce6980,ntoskrnl,NtReadFileScatter
0,47,0xf804b9e7cf80,ntoskrnl,NtOpenThreadTokenEx
0,48,0xf804b9fb5710,ntoskrnl,NtOpenProcessTokenEx
0,49,0xf804b9fc25a0,ntoskrnl,NtQueryPerformanceCounter
0,50,0xf804b9e67d90,ntoskrnl,NtEnumerateKey
0,51,0xf804b9f40940,ntoskrnl,NtOpenFile
0,52,0xf804b9e1e610,ntoskrnl,NtDelayExecution
0,53,0xf804b9e8c1c0,ntoskrnl,NtQueryDirectoryFile
0,54,0xf804b9f82db0,ntoskrnl,NtQuerySystemInformation
0,55,0xf804b9fcdd70,ntoskrnl,NtOpenSection
0,56,0xf804ba020a20,ntoskrnl,NtQueryTimer
0,57,0xf804b9e88250,ntoskrnl,NtFsControlFile
0,58,0xf804b9fb7bd0,ntoskrnl,NtWriteVirtualMemory
0,59,0xf804b9fe7440,ntoskrnl,NtCloseObjectAuditAlarm
0,60,0xf804b9e27950,ntoskrnl,NtDuplicateObject
0,61,0xf804b9eac180,ntoskrnl,NtQueryAttributesFile
0,62,0xf804b9f80c00,ntoskrnl,NtClearEvent
0,63,0xf804b9fb7c00,ntoskrnl,NtReadVirtualMemory
0,64,0xf804b9fcdc50,ntoskrnl,NtOpenEvent
0,65,0xf804b9f3d750,ntoskrnl,NtAdjustPrivilegesToken
0,66,0xf804b9e7efb0,ntoskrnl,NtDuplicateToken
0,67,0xf804b9c727b0,ntoskrnl,NtContinue
0,68,0xf804ba031d90,ntoskrnl,NtQueryDefaultUILanguage
0,69,0xf804b9fcb750,ntoskrnl,NtQueueApcThread
0,70,0xf804b99e1cc0,ntoskrnl,NtYieldExecution
0,71,0xf804b9d99b20,ntoskrnl,NtAddAtom
0,72,0xf804b9e1d080,ntoskrnl,NtCreateEvent
0,73,0xf804b9f3f5d0,ntoskrnl,NtQueryVolumeInformationFile
0,74,0xf804ba079980,ntoskrnl,NtCreateSection
0,75,0xf804b9f41620,ntoskrnl,NtFlushBuffersFile
0,76,0xf804b9ee8680,ntoskrnl,NtApphelpCacheControl
0,77,0xf804b9d45860,ntoskrnl,NtCreateProcessEx
0,78,0xf804b9d45900,ntoskrnl,NtCreateThread
0,79,0xf804b9fe6d70,ntoskrnl,NtIsProcessInJob
0,80,0xf804b9ed11e0,ntoskrnl,NtProtectVirtualMemory
0,81,0xf804b9ea7210,ntoskrnl,NtQuerySection
0,82,0xf804b9fe5d20,ntoskrnl,NtResumeThread
0,83,0xf804b9f5f920,ntoskrnl,NtTerminateThread
0,84,0xf804b9d13930,ntoskrnl,NtReadRequestData
0,84,0xf804b9d13930,ntoskrnl,NtWriteRequestData
0,85,0xf804b9f409b0,ntoskrnl,NtCreateFile
0,86,0xf804b9ebeaa0,ntoskrnl,NtQueryEvent
0,87,0xf804b9d13930,ntoskrnl,NtReadRequestData
0,87,0xf804b9d13930,ntoskrnl,NtWriteRequestData
0,88,0xf804b9fc0bb0,ntoskrnl,NtOpenDirectoryObject
0,89,0xf804b9e40cb0,ntoskrnl,NtAccessCheckByTypeAndAuditAlarm
0,90,0xf804b9d8f500,ntoskrnl,NtQuerySystemTime
0,91,0xf804b9f6f920,ntoskrnl,NtWaitForMultipleObjects
0,92,0xf804b9fd2fc0,ntoskrnl,NtSetInformationObject
0,93,0xf804b9fb9dc0,ntoskrnl,NtCancelIoFile
0,94,0xf804b9944850,ntoskrnl,NtTraceEvent
0,95,0xf804b9efbe20,ntoskrnl,NtPowerInformation
0,96,0xf804b9e2f320,ntoskrnl,NtSetValueKey
0,97,0xf804b98910f0,ntoskrnl,NtCancelTimer
0,98,0xf804b9890e60,ntoskrnl,NtSetTimer
0,99,0xf804b992ec60,ntoskrnl,NtAccessCheckByType
0,100,0xf804b9bc3b60,ntoskrnl,NtAccessCheckByTypeResultList
0,101,0xf804b9d6a340,ntoskrnl,NtAccessCheckByTypeResultListAndAuditAlarm
0,102,0xf804b9d6a3f0,ntoskrnl,NtAccessCheckByTypeResultListAndAuditAlarmByHandle
0,103,0xf804b9d9da00,ntoskrnl,NtAcquireCrossVmMutant
0,104,0xf804ba054970,ntoskrnl,NtAcquireProcessActivityReference
0,105,0xf804b9f8e6f0,ntoskrnl,NtAddAtomEx
0,106,0xf804b9d960b0,ntoskrnl,NtAddBootEntry
0,107,0xf804b9d960e0,ntoskrnl,NtAddDriverEntry
0,108,0xf804b9f697c0,ntoskrnl,NtAdjustGroupsToken
0,109,0xf804b9cca130,ntoskrnl,?GetPnpProperty@NT_DISK@@UEAAJPEAXPEAPEAX@Z
0,109,0xf804b9cca130,ntoskrnl,NtAdjustTokenClaimsAndDeviceGroups
0,109,0xf804b9cca130,ntoskrnl,NtCreateEventPair
0,109,0xf804b9cca130,ntoskrnl,NtDirectGraphicsCall
0,109,0xf804b9cca130,ntoskrnl,NtFilterTokenEx
0,109,0xf804b9cca130,ntoskrnl,NtOpenEventPair
0,109,0xf804b9cca130,ntoskrnl,NtSetHighEventPair
0,109,0xf804b9cca130,ntoskrnl,NtSetHighWaitLowEventPair
0,109,0xf804b9cca130,ntoskrnl,NtSetLowEventPair
0,109,0xf804b9cca130,ntoskrnl,NtSetLowWaitHighEventPair
0,109,0xf804b9cca130,ntoskrnl,NtVdmControl
0,109,0xf804b9cca130,ntoskrnl,NtWaitHighEventPair
0,109,0xf804b9cca130,ntoskrnl,NtWaitLowEventPair
0,109,0xf804b9cca130,ntoskrnl,PsNotifyWriteToExecutableMemory
0,109,0xf804b9cca130,ntoskrnl,SeAdjustObjectSecurity
0,109,0xf804b9cca130,ntoskrnl,xHalIommuMapDevice
0,109,0xf804b9cca130,ntoskrnl,xHalLoadMicrocode
0,109,0xf804b9cca130,ntoskrnl,xHalPostMicrocodeUpdate
0,109,0xf804b9cca130,ntoskrnl,xHalUnloadMicrocode
0,110,0xf804b9d529b0,ntoskrnl,NtAlertMultipleThreadByThreadId
0,111,0xf804b9d508b0,ntoskrnl,NtAlertResumeThread
0,112,0xf804ba0474a0,ntoskrnl,NtAlertThread
0,113,0xf804b9f7f480,ntoskrnl,NtAlertThreadByThreadId
0,114,0xf804b9f7f4a0,ntoskrnl,NtAlertThreadByThreadIdEx
0,115,0xf804b9fd5980,ntoskrnl,NtAllocateLocallyUniqueId
0,116,0xf804ba024ba0,ntoskrnl,NtAllocateReserveObject
0,117,0xf804b9dd4df0,ntoskrnl,NtAllocateUserPhysicalPages
0,118,0xf804b9dd4e10,ntoskrnl,NtAllocateUserPhysicalPagesEx
0,119,0xf804ba0596e0,ntoskrnl,NtAllocateUuids
0,120,0xf804b9ecc250,ntoskrnl,NtAllocateVirtualMemoryEx
0,121,0xf804b9fc9970,ntoskrnl,NtAlpcAcceptConnectPort
0,122,0xf804b9ffc5c0,ntoskrnl,NtAlpcCancelMessage
0,123,0xf804b9e48b10,ntoskrnl,NtAlpcConnectPort
0,124,0xf804ba004600,ntoskrnl,NtAlpcConnectPortEx
0,125,0xf804b9fb6a40,ntoskrnl,NtAlpcCreatePort
0,126,0xf804b9e98d10,ntoskrnl,NtAlpcCreatePortSection
0,127,0xf804b9e996d0,ntoskrnl,NtAlpcCreateResourceReserve
0,128,0xf804b9ea6750,ntoskrnl,NtAlpcCreateSectionView
0,129,0xf804b9f46cc0,ntoskrnl,NtAlpcCreateSecurityContext
0,130,0xf804b9ea6ac0,ntoskrnl,NtAlpcDeletePortSection
0,131,0xf804b9ea6650,ntoskrnl,NtAlpcDeleteResourceReserve
0,132,0xf804b9ea6e10,ntoskrnl,NtAlpcDeleteSectionView
0,133,0xf804b9ea5480,ntoskrnl,NtAlpcDeleteSecurityContext
0,134,0xf804b9e45a60,ntoskrnl,NtAlpcDisconnectPort
0,135,0xf804b9d13b60,ntoskrnl,NtAlpcImpersonateClientContainerOfPort
0,136,0xf804b9e1c1a0,ntoskrnl,NtAlpcImpersonateClientOfPort
0,137,0xf804b9e9b950,ntoskrnl,NtAlpcOpenSenderProcess
0,138,0xf804b9f910b0,ntoskrnl,NtAlpcOpenSenderThread
0,139,0xf804b9ebfc80,ntoskrnl,NtAlpcQueryInformation
0,140,0xf804b9e9b650,ntoskrnl,NtAlpcQueryInformationMessage
0,141,0xf804b9d13db0,ntoskrnl,NtAlpcRevokeSecurityContext
0,142,0xf804b9e5a4d0,ntoskrnl,NtAlpcSendWaitReceivePort
0,143,0xf804b9fdb320,ntoskrnl,NtAlpcSetInformation
0,144,0xf804b9fcd970,ntoskrnl,NtAreMappedFilesTheSame
0,145,0xf804b9fe6390,ntoskrnl,NtAssignProcessToJobObject
0,146,0xf804b99cb7b0,ntoskrnl,NtAssociateWaitCompletionPacket
0,147,0xf804b9c7c290,ntoskrnl,NtCallEnclave
0,148,0xf804b9f5e1e0,ntoskrnl,NtCancelIoFileEx
0,149,0xf804ba0716e0,ntoskrnl,NtCancelSynchronousIoFile
0,150,0xf804b9a5d680,ntoskrnl,NtCancelTimer2
0,151,0xf804b99fb840,ntoskrnl,NtCancelWaitCompletionPacket
0,152,0xf804b9d47830,ntoskrnl,NtChangeProcessState
0,153,0xf804b9f5db40,ntoskrnl,NtChangeThreadState
0,154,0xf804b9ab8fd0,ntoskrnl,NtCommitComplete
0,155,0xf804b9ab8ff0,ntoskrnl,NtCommitEnlistment
0,156,0xf804ba013d60,ntoskrnl,NtCommitRegistryTransaction
0,157,0xf804b9ab9010,ntoskrnl,NtCommitTransaction
0,158,0xf804b9da8020,ntoskrnl,NtCompactKeys
0,159,0xf804b9ffa940,ntoskrnl,NtCompareObjects
0,160,0xf804b9ed33e0,ntoskrnl,NtCompareSigningLevels
0,161,0xf804b9ff21c0,ntoskrnl,NtCompareTokens
0,162,0xf804ba0596d0,ntoskrnl,ArbPreprocessEntry
0,162,0xf804ba0596d0,ntoskrnl,ArbQueryArbitrate
0,162,0xf804ba0596d0,ntoskrnl,EmFalseCallback
0,162,0xf804ba0596d0,ntoskrnl,FsRtlSyncVolumes
0,162,0xf804ba0596d0,ntoskrnl,HalpUnloadMicrocode
0,162,0xf804ba0596d0,ntoskrnl,IommupPasidDevicePowerCallback
0,162,0xf804ba0596d0,ntoskrnl,IopPnPAddDevice
0,162,0xf804ba0596d0,ntoskrnl,NtCompleteConnectPort
0,162,0xf804ba0596d0,ntoskrnl,NtFlushInstructionCache
0,162,0xf804ba0596d0,ntoskrnl,NtFlushWriteBuffer
0,162,0xf804ba0596d0,ntoskrnl,PopPowerAggregatorVoidStateHandler
0,162,0xf804ba0596d0,ntoskrnl,TtmpCalloutLiveDumpSecondaryCallback
0,162,0xf804ba0596d0,ntoskrnl,xHalAcpiGetMultiNode
0,162,0xf804ba0596d0,ntoskrnl,xHalAddInterruptRemapping
0,162,0xf804ba0596d0,ntoskrnl,xHalGetInterruptTranslator
0,162,0xf804ba0596d0,ntoskrnl,xHalPowerSetRebootHandler
0,162,0xf804ba0596d0,ntoskrnl,xHalTimerQueryCycleCounter
0,163,0xf804b9da82b0,ntoskrnl,NtCompressKey
0,164,0xf804b9e97640,ntoskrnl,NtConnectPort
0,165,0xf804b9c727c0,ntoskrnl,NtContinueEx
0,166,0xf804ba062170,ntoskrnl,NtConvertBetweenAuxiliaryCounterAndPerformanceCounter
0,167,0xf804b9ebcec0,ntoskrnl,NtCopyFileChunk
0,168,0xf804b9d47a60,ntoskrnl,NtCreateCpuPartition
0,169,0xf804b9d93df0,ntoskrnl,NtCreateCrossVmEvent
0,170,0xf804b9d9db20,ntoskrnl,NtCreateCrossVmMutant
0,171,0xf804ba07e780,ntoskrnl,NtCreateDebugObject
0,172,0xf804ba019510,ntoskrnl,NtCreateDirectoryObject
0,173,0xf804ba019530,ntoskrnl,NtCreateDirectoryObjectEx
0,174,0xf804b9dd2680,ntoskrnl,NtCreateEnclave
0,175,0xf804b9ab9030,ntoskrnl,NtCreateEnlistment
0,176,0xf804b9cca130,ntoskrnl,?GetPnpProperty@NT_DISK@@UEAAJPEAXPEAPEAX@Z
0,176,0xf804b9cca130,ntoskrnl,NtAdjustTokenClaimsAndDeviceGroups
0,176,0xf804b9cca130,ntoskrnl,NtCreateEventPair
0,176,0xf804b9cca130,ntoskrnl,NtDirectGraphicsCall
0,176,0xf804b9cca130,ntoskrnl,NtFilterTokenEx
0,176,0xf804b9cca130,ntoskrnl,NtOpenEventPair
0,176,0xf804b9cca130,ntoskrnl,NtSetHighEventPair
0,176,0xf804b9cca130,ntoskrnl,NtSetHighWaitLowEventPair
0,176,0xf804b9cca130,ntoskrnl,NtSetLowEventPair
0,176,0xf804b9cca130,ntoskrnl,NtSetLowWaitHighEventPair
0,176,0xf804b9cca130,ntoskrnl,NtVdmControl
0,176,0xf804b9cca130,ntoskrnl,NtWaitHighEventPair
0,176,0xf804b9cca130,ntoskrnl,NtWaitLowEventPair
0,176,0xf804b9cca130,ntoskrnl,PsNotifyWriteToExecutableMemory
0,176,0xf804b9cca130,ntoskrnl,SeAdjustObjectSecurity
0,176,0xf804b9cca130,ntoskrnl,xHalIommuMapDevice
0,176,0xf804b9cca130,ntoskrnl,xHalLoadMicrocode
0,176,0xf804b9cca130,ntoskrnl,xHalPostMicrocodeUpdate
0,176,0xf804b9cca130,ntoskrnl,xHalUnloadMicrocode
0,177,0xf804b9d93dc0,ntoskrnl,NtCreateIRTimer
0,178,0xf804b9ff1770,ntoskrnl,NtCreateIoCompletion
0,179,0xf804b9ce4be0,ntoskrnl,NtCreateIoRing
0,180,0xf804b9e39a30,ntoskrnl,NtCreateJobObject
0,181,0xf804ba041af0,ntoskrnl,ArbAddReserved
0,181,0xf804ba041af0,ntoskrnl,ExStopSharingAddressSpaceWithDevice
0,181,0xf804ba041af0,ntoskrnl,ExStopSharingSystemAddressSpaceWithDevice
0,181,0xf804ba041af0,ntoskrnl,HalpAssignSlotResourcesStub
0,181,0xf804ba041af0,ntoskrnl,HalpGetMceInformation
0,181,0xf804ba041af0,ntoskrnl,LpcReplyWaitReplyPort
0,181,0xf804ba041af0,ntoskrnl,LpcRequestWaitReplyPort
0,181,0xf804ba041af0,ntoskrnl,LpcRequestWaitReplyPortEx
0,181,0xf804ba041af0,ntoskrnl,MmConfigureGraphicsPtes
0,181,0xf804ba041af0,ntoskrnl,NtCreateJobSet
0,181,0xf804ba041af0,ntoskrnl,xHalAllocatePmcCounterSet
0,181,0xf804ba041af0,ntoskrnl,xHalAllocatePmcCounterSetEx
0,181,0xf804ba041af0,ntoskrnl,xHalDpReplaceBegin
0,181,0xf804ba041af0,ntoskrnl,xHalGetProcessorId
0,181,0xf804ba041af0,ntoskrnl,xHalQueryBusSlots
0,181,0xf804ba041af0,ntoskrnl,xHalRegisterBusHandler
0,181,0xf804ba041af0,ntoskrnl,xHalStartMirroring
0,182,0xf804b9e6bf10,ntoskrnl,NtCreateKeyTransacted
0,183,0xf804b9d9ced0,ntoskrnl,NtCreateKeyedEvent
0,184,0xf804b9f6aa20,ntoskrnl,NtCreateLowBoxToken
0,185,0xf804ba050e10,ntoskrnl,NtCreateMailslotFile
0,186,0xf804b9f747e0,ntoskrnl,NtCreateMutant
0,187,0xf804b9ffd750,ntoskrnl,NtCreateNamedPipeFile
0,188,0xf804b9dcaf50,ntoskrnl,NtCreatePagingFile
0,189,0xf804b9d511d0,ntoskrnl,NtCreatePartition
0,190,0xf804b9d13780,ntoskrnl,NtCreatePort
0,191,0xf804b9ffb340,ntoskrnl,NtCreatePrivateNamespace
0,192,0xf804b9d457d0,ntoskrnl,NtCreateProcess
0,193,0xf804b9d47cf0,ntoskrnl,NtCreateProcessStateChange
0,194,0xf804b9d9c850,ntoskrnl,NtCreateProfile
0,195,0xf804b9d9c930,ntoskrnl,NtCreateProfileEx
0,196,0xf804ba0210a0,ntoskrnl,NtCreateRegistryTransaction
0,197,0xf804b9ab9050,ntoskrnl,NtCreateResourceManager
0,198,0xf804b9dc6e90,ntoskrnl,NtCreateSectionEx
0,199,0xf804b9e26240,ntoskrnl,NtCreateSemaphore
0,200,0xf804b9ff5570,ntoskrnl,NtCreateSymbolicLinkObject
0,201,0xf804b9ea89b0,ntoskrnl,NtCreateThreadEx
0,202,0xf804ba034630,ntoskrnl,NtCreateThreadStateChange
0,203,0xf804b9fcd6b0,ntoskrnl,NtCreateTimer
0,204,0xf804b9ff11e0,ntoskrnl,NtCreateTimer2
0,205,0xf804b9d6a810,ntoskrnl,NtCreateToken
0,206,0xf804b9f69fa0,ntoskrnl,NtCreateTokenEx
0,207,0xf804b9ab9070,ntoskrnl,NtCreateTransaction
0,208,0xf804b9ab9090,ntoskrnl,NtCreateTransactionManager
0,209,0xf804b9e733d0,ntoskrnl,NtCreateUserProcess
0,210,0xf804b9f74b00,ntoskrnl,NtCreateWaitCompletionPacket
0,211,0xf804b9d137c0,ntoskrnl,NtCreateWaitablePort
0,212,0xf804b9f344f0,ntoskrnl,NtCreateWnfStateName
0,213,0xf804b9fdf4b0,ntoskrnl,NtCreateWorkerFactory
0,214,0xf804b9f5bc60,ntoskrnl,NtDebugActiveProcess
0,215,0xf804b9f5bea0,ntoskrnl,NtDebugContinue
0,216,0xf804b9f8e240,ntoskrnl,NtDeleteAtom
0,217,0xf804b9d96110,ntoskrnl,NtDeleteBootEntry
0,218,0xf804b9d962a0,ntoskrnl,NtDeleteDriverEntry
0,219,0xf804ba057220,ntoskrnl,NtDeleteFile
0,220,0xf804b9e34480,ntoskrnl,NtDeleteKey
0,221,0xf804b9d6a4b0,ntoskrnl,NtDeleteObjectAuditAlarm
0,222,0xf804b9d16890,ntoskrnl,NtDeletePrivateNamespace
0,223,0xf804b9e320f0,ntoskrnl,NtDeleteValueKey
0,224,0xf804b9d983e0,ntoskrnl,NtDeleteWnfStateData
0,225,0xf804b9eb3ae0,ntoskrnl,NtDeleteWnfStateName
0,226,0xf804b9cca130,ntoskrnl,?GetPnpProperty@NT_DISK@@UEAAJPEAXPEAPEAX@Z
0,226,0xf804b9cca130,ntoskrnl,NtAdjustTokenClaimsAndDeviceGroups
0,226,0xf804b9cca130,ntoskrnl,NtCreateEventPair
0,226,0xf804b9cca130,ntoskrnl,NtDirectGraphicsCall
0,226,0xf804b9cca130,ntoskrnl,NtFilterTokenEx
0,226,0xf804b9cca130,ntoskrnl,NtOpenEventPair
0,226,0xf804b9cca130,ntoskrnl,NtSetHighEventPair
0,226,0xf804b9cca130,ntoskrnl,NtSetHighWaitLowEventPair
0,226,0xf804b9cca130,ntoskrnl,NtSetLowEventPair
0,226,0xf804b9cca130,ntoskrnl,NtSetLowWaitHighEventPair
0,226,0xf804b9cca130,ntoskrnl,NtVdmControl
0,226,0xf804b9cca130,ntoskrnl,NtWaitHighEventPair
0,226,0xf804b9cca130,ntoskrnl,NtWaitLowEventPair
0,226,0xf804b9cca130,ntoskrnl,PsNotifyWriteToExecutableMemory
0,226,0xf804b9cca130,ntoskrnl,SeAdjustObjectSecurity
0,226,0xf804b9cca130,ntoskrnl,xHalIommuMapDevice
0,226,0xf804b9cca130,ntoskrnl,xHalLoadMicrocode
0,226,0xf804b9cca130,ntoskrnl,xHalPostMicrocodeUpdate
0,226,0xf804b9cca130,ntoskrnl,xHalUnloadMicrocode
0,227,0xf804b9e08fb0,ntoskrnl,NtDisableLastKnownGood
0,228,0xf804b9d901f0,ntoskrnl,NtDisplayString
0,229,0xf804b9c12410,ntoskrnl,NtDrawText
0,230,0xf804b9e090d0,ntoskrnl,NtEnableLastKnownGood
0,231,0xf804b9fea800,ntoskrnl,NtEnumerateBootEntries
0,232,0xf804b9d96430,ntoskrnl,NtEnumerateDriverEntries
0,233,0xf804b9d96890,ntoskrnl,NtEnumerateSystemEnvironmentValuesEx
0,234,0xf804b9ab90b0,ntoskrnl,NtEnumerateTransactionObject
0,235,0xf804b9f78560,ntoskrnl,NtExtendSection
0,236,0xf804ba03a840,ntoskrnl,NtFilterBootOption
0,237,0xf804b9f69bf0,ntoskrnl,NtFilterToken
0,238,0xf804b9cca130,ntoskrnl,?GetPnpProperty@NT_DISK@@UEAAJPEAXPEAPEAX@Z
0,238,0xf804b9cca130,ntoskrnl,NtAdjustTokenClaimsAndDeviceGroups
0,238,0xf804b9cca130,ntoskrnl,NtCreateEventPair
0,238,0xf804b9cca130,ntoskrnl,NtDirectGraphicsCall
0,238,0xf804b9cca130,ntoskrnl,NtFilterTokenEx
0,238,0xf804b9cca130,ntoskrnl,NtOpenEventPair
0,238,0xf804b9cca130,ntoskrnl,NtSetHighEventPair
0,238,0xf804b9cca130,ntoskrnl,NtSetHighWaitLowEventPair
0,238,0xf804b9cca130,ntoskrnl,NtSetLowEventPair
0,238,0xf804b9cca130,ntoskrnl,NtSetLowWaitHighEventPair
0,238,0xf804b9cca130,ntoskrnl,NtVdmControl
0,238,0xf804b9cca130,ntoskrnl,NtWaitHighEventPair
0,238,0xf804b9cca130,ntoskrnl,NtWaitLowEventPair
0,238,0xf804b9cca130,ntoskrnl,PsNotifyWriteToExecutableMemory
0,238,0xf804b9cca130,ntoskrnl,SeAdjustObjectSecurity
0,238,0xf804b9cca130,ntoskrnl,xHalIommuMapDevice
0,238,0xf804b9cca130,ntoskrnl,xHalLoadMicrocode
0,238,0xf804b9cca130,ntoskrnl,xHalPostMicrocodeUpdate
0,238,0xf804b9cca130,ntoskrnl,xHalUnloadMicrocode
0,239,0xf804b9f41650,ntoskrnl,NtFlushBuffersFileEx
0,240,0xf804b9d9b7d0,ntoskrnl,NtFlushInstallUILanguage
0,241,0xf804ba0596d0,ntoskrnl,ArbPreprocessEntry
0,241,0xf804ba0596d0,ntoskrnl,ArbQueryArbitrate
0,241,0xf804ba0596d0,ntoskrnl,EmFalseCallback
0,241,0xf804ba0596d0,ntoskrnl,FsRtlSyncVolumes
0,241,0xf804ba0596d0,ntoskrnl,HalpUnloadMicrocode
0,241,0xf804ba0596d0,ntoskrnl,IommupPasidDevicePowerCallback
0,241,0xf804ba0596d0,ntoskrnl,IopPnPAddDevice
0,241,0xf804ba0596d0,ntoskrnl,NtCompleteConnectPort
0,241,0xf804ba0596d0,ntoskrnl,NtFlushInstructionCache
0,241,0xf804ba0596d0,ntoskrnl,NtFlushWriteBuffer
0,241,0xf804ba0596d0,ntoskrnl,PopPowerAggregatorVoidStateHandler
0,241,0xf804ba0596d0,ntoskrnl,TtmpCalloutLiveDumpSecondaryCallback
0,241,0xf804ba0596d0,ntoskrnl,xHalAcpiGetMultiNode
0,241,0xf804ba0596d0,ntoskrnl,xHalAddInterruptRemapping
0,241,0xf804ba0596d0,ntoskrnl,xHalGetInterruptTranslator
0,241,0xf804ba0596d0,ntoskrnl,xHalPowerSetRebootHandler
0,241,0xf804ba0596d0,ntoskrnl,xHalTimerQueryCycleCounter
0,242,0xf804b9da84b0,ntoskrnl,NtFlushKey
0,243,0xf804b984fb10,ntoskrnl,NtFlushProcessWriteBuffers
0,244,0xf804b9fb61a0,ntoskrnl,NtFlushVirtualMemory
0,245,0xf804ba0596d0,ntoskrnl,ArbPreprocessEntry
0,245,0xf804ba0596d0,ntoskrnl,ArbQueryArbitrate
0,245,0xf804ba0596d0,ntoskrnl,EmFalseCallback
0,245,0xf804ba0596d0,ntoskrnl,FsRtlSyncVolumes
0,245,0xf804ba0596d0,ntoskrnl,HalpUnloadMicrocode
0,245,0xf804ba0596d0,ntoskrnl,IommupPasidDevicePowerCallback
0,245,0xf804ba0596d0,ntoskrnl,IopPnPAddDevice
0,245,0xf804ba0596d0,ntoskrnl,NtCompleteConnectPort
0,245,0xf804ba0596d0,ntoskrnl,NtFlushInstructionCache
0,245,0xf804ba0596d0,ntoskrnl,NtFlushWriteBuffer
0,245,0xf804ba0596d0,ntoskrnl,PopPowerAggregatorVoidStateHandler
0,245,0xf804ba0596d0,ntoskrnl,TtmpCalloutLiveDumpSecondaryCallback
0,245,0xf804ba0596d0,ntoskrnl,xHalAcpiGetMultiNode
0,245,0xf804ba0596d0,ntoskrnl,xHalAddInterruptRemapping
0,245,0xf804ba0596d0,ntoskrnl,xHalGetInterruptTranslator
0,245,0xf804ba0596d0,ntoskrnl,xHalPowerSetRebootHandler
0,245,0xf804ba0596d0,ntoskrnl,xHalTimerQueryCycleCounter
0,246,0xf804b9dd4e30,ntoskrnl,NtFreeUserPhysicalPages
0,247,0xf804b9da87c0,ntoskrnl,NtFreezeRegistry
0,248,0xf804b9ab90d0,ntoskrnl,NtFreezeTransactions
0,249,0xf804ba0050e0,ntoskrnl,NtGetCachedSigningLevel
0,250,0xf804b9eb5210,ntoskrnl,NtGetCompleteWnfStateSubscription
0,251,0xf804b9ff4ad0,ntoskrnl,NtGetContextThread
0,252,0xf804ba054e90,ntoskrnl,NtGetCurrentProcessorNumber
0,253,0xf804b9d46540,ntoskrnl,NtGetCurrentProcessorNumberEx
0,254,0xf804ba059530,ntoskrnl,NtGetDevicePowerState
0,255,0xf804b9ea7820,ntoskrnl,NtGetMUIRegistryInfo
0,256,0xf804ba009430,ntoskrnl,NtGetNextProcess
0,257,0xf804b9f5e660,ntoskrnl,NtGetNextThread
0,258,0xf804b9eca110,ntoskrnl,NtGetNlsSectionPtr
0,259,0xf804b9ab90f0,ntoskrnl,NtGetNotificationResourceManager
0,260,0xf804b998e830,ntoskrnl,NtGetWriteWatch
0,261,0xf804b9ffd080,ntoskrnl,NtImpersonateAnonymousToken
0,262,0xf804b9f497f0,ntoskrnl,NtImpersonateThread
0,263,0xf804b9dd2a70,ntoskrnl,NtInitializeEnclave
0,264,0xf804b9ec90e0,ntoskrnl,NtInitializeNlsFiles
0,265,0xf804b9da8880,ntoskrnl,NtInitializeRegistry
0,266,0xf804b9d27cb0,ntoskrnl,NtInitiatePowerAction
0,267,0xf804ba075420,ntoskrnl,NtIsSystemResumeAutomatic
0,268,0xf804ba05cf70,ntoskrnl,NtIsUILanguageComitted
0,269,0xf804b9d13800,ntoskrnl,NtListenPort
0,270,0xf804ba06bcd0,ntoskrnl,NtLoadDriver
0,271,0xf804b9f8b9c0,ntoskrnl,NtLoadEnclaveData
0,272,0xf804ba00f660,ntoskrnl,NtLoadKey
0,273,0xf804ba063740,ntoskrnl,NtLoadKey2
0,274,0xf804ba069220,ntoskrnl,NtLoadKey3
0,275,0xf804ba00f690,ntoskrnl,NtLoadKeyEx
0,276,0xf804b9f446c0,ntoskrnl,NtLockFile
0,277,0xf804ba015f10,ntoskrnl,NtLockProductActivationKeys
0,278,0xf804b9da8950,ntoskrnl,NtLockRegistryKey
0,279,0xf804b9a579a0,ntoskrnl,NtLockVirtualMemory
0,280,0xf804ba058040,ntoskrnl,NtMakePermanentObject
0,281,0xf804ba02e220,ntoskrnl,NtMakeTemporaryObject
0,282,0xf804b9f3b8d0,ntoskrnl,NtManageHotPatch
0,283,0xf804b9f79730,ntoskrnl,NtManagePartition
0,284,0xf804b9d9b8e0,ntoskrnl,NtMapCMFModule
0,285,0xf804b9dd5360,ntoskrnl,NtMapUserPhysicalPages
0,286,0xf804ba031120,ntoskrnl,NtMapViewOfSectionEx
0,287,0xf804b9d96ae0,ntoskrnl,NtModifyBootEntry
0,288,0xf804b9d96b10,ntoskrnl,NtModifyDriverEntry
0,289,0xf804b9fde940,ntoskrnl,NtNotifyChangeDirectoryFile
0,290,0xf804b9fde9a0,ntoskrnl,NtNotifyChangeDirectoryFileEx
0,291,0xf804b9ebdca0,ntoskrnl,NtNotifyChangeKey
0,292,0xf804b9ebdd10,ntoskrnl,NtNotifyChangeMultipleKeys
0,293,0xf804ba03b3e0,ntoskrnl,NtNotifyChangeSession
0,294,0xf804b9d47ea0,ntoskrnl,NtOpenCpuPartition
0,295,0xf804b9ab9110,ntoskrnl,NtOpenEnlistment
0,296,0xf804b9cca130,ntoskrnl,?GetPnpProperty@NT_DISK@@UEAAJPEAXPEAPEAX@Z
0,296,0xf804b9cca130,ntoskrnl,NtAdjustTokenClaimsAndDeviceGroups
0,296,0xf804b9cca130,ntoskrnl,NtCreateEventPair
0,296,0xf804b9cca130,ntoskrnl,NtDirectGraphicsCall
0,296,0xf804b9cca130,ntoskrnl,NtFilterTokenEx
0,296,0xf804b9cca130,ntoskrnl,NtOpenEventPair
0,296,0xf804b9cca130,ntoskrnl,NtSetHighEventPair
0,296,0xf804b9cca130,ntoskrnl,NtSetHighWaitLowEventPair
0,296,0xf804b9cca130,ntoskrnl,NtSetLowEventPair
0,296,0xf804b9cca130,ntoskrnl,NtSetLowWaitHighEventPair
0,296,0xf804b9cca130,ntoskrnl,NtVdmControl
0,296,0xf804b9cca130,ntoskrnl,NtWaitHighEventPair
0,296,0xf804b9cca130,ntoskrnl,NtWaitLowEventPair
0,296,0xf804b9cca130,ntoskrnl,PsNotifyWriteToExecutableMemory
0,296,0xf804b9cca130,ntoskrnl,SeAdjustObjectSecurity
0,296,0xf804b9cca130,ntoskrnl,xHalIommuMapDevice
0,296,0xf804b9cca130,ntoskrnl,xHalLoadMicrocode
0,296,0xf804b9cca130,ntoskrnl,xHalPostMicrocodeUpdate
0,296,0xf804b9cca130,ntoskrnl,xHalUnloadMicrocode
0,297,0xf804b9ce2940,ntoskrnl,NtOpenIoCompletion
0,298,0xf804b9e39780,ntoskrnl,NtOpenJobObject
0,299,0xf804b9e1e520,ntoskrnl,NtOpenKeyEx
0,300,0xf804b9da8a10,ntoskrnl,NtOpenKeyTransacted
0,301,0xf804b9e6cbe0,ntoskrnl,NtOpenKeyTransactedEx
0,302,0xf804b9d9cfe0,ntoskrnl,NtOpenKeyedEvent
0,303,0xf804b9fd95f0,ntoskrnl,NtOpenMutant
0,304,0xf804b9e439c0,ntoskrnl,NtOpenObjectAuditAlarm
0,305,0xf804b9d51200,ntoskrnl,NtOpenPartition
0,306,0xf804b9e25c90,ntoskrnl,NtOpenPrivateNamespace
0,307,0xf804b9fb56f0,ntoskrnl,NtOpenProcessToken
0,308,0xf804b9da8a30,ntoskrnl,NtOpenRegistryTransaction
0,309,0xf804b9ab9130,ntoskrnl,NtOpenResourceManager
0,310,0xf804b9fe9570,ntoskrnl,NtOpenSemaphore
0,311,0xf804ba02bb90,ntoskrnl,NtOpenSession
0,312,0xf804b9fb8dd0,ntoskrnl,NtOpenSymbolicLinkObject
0,313,0xf804b9e271b0,ntoskrnl,NtOpenThread
0,314,0xf804ba04dc30,ntoskrnl,NtOpenTimer
0,315,0xf804b9ab9150,ntoskrnl,NtOpenTransaction
0,316,0xf804b9ab9170,ntoskrnl,NtOpenTransactionManager
0,317,0xf804b9f0c340,ntoskrnl,NtPlugPlayControl
0,318,0xf804b9ab9190,ntoskrnl,NtPrePrepareComplete
0,319,0xf804b9ab91b0,ntoskrnl,NtPrePrepareEnlistment
0,320,0xf804b9ab91d0,ntoskrnl,NtPrepareComplete
0,321,0xf804b9ab91f0,ntoskrnl,NtPrepareEnlistment
0,322,0xf804b9f3db70,ntoskrnl,NtPrivilegeCheck
0,323,0xf804b9e44b60,ntoskrnl,NtPrivilegeObjectAuditAlarm
0,324,0xf804b9e44890,ntoskrnl,NtPrivilegedServiceAuditAlarm
0,325,0xf804b9ab9210,ntoskrnl,NtPropagationComplete
0,326,0xf804b9ab9230,ntoskrnl,NtPropagationFailed
0,327,0xf804b9d9d580,ntoskrnl,NtPssCaptureVaSpaceBulk
0,328,0xf804b9fc1090,ntoskrnl,NtPulseEvent
0,329,0xf804b9d9c9a0,ntoskrnl,NtQueryAuxiliaryCounterFrequency
0,330,0xf804ba04e780,ntoskrnl,NtQueryBootEntryOrder
0,331,0xf804ba06cb30,ntoskrnl,NtQueryBootOptions
0,332,0xf804b9a2a0d0,ntoskrnl,NtQueryDebugFilterState
0,333,0xf804b9e8b8c0,ntoskrnl,NtQueryDirectoryFileEx
0,334,0xf804b9ec1090,ntoskrnl,NtQueryDirectoryObject
0,335,0xf804b9d96b40,ntoskrnl,NtQueryDriverEntryOrder
0,336,0xf804b9f3e810,ntoskrnl,NtQueryEaFile
0,337,0xf804b9eabef0,ntoskrnl,NtQueryFullAttributesFile
0,338,0xf804b9f8e8a0,ntoskrnl,NtQueryInformationAtom
0,339,0xf804b9ff7570,ntoskrnl,NtQueryInformationByName
0,340,0xf804b9d47f50,ntoskrnl,NtQueryInformationCpuPartition
0,341,0xf804b9ab9250,ntoskrnl,NtQueryInformationEnlistment
0,342,0xf804ba069c30,ntoskrnl,NtQueryInformationJobObject
0,343,0xf804b9d13860,ntoskrnl,NtQueryInformationPort
0,344,0xf804b9ab9270,ntoskrnl,NtQueryInformationResourceManager
0,345,0xf804b9ab9290,ntoskrnl,NtQueryInformationTransaction
0,346,0xf804b9ab92b0,ntoskrnl,NtQueryInformationTransactionManager
0,347,0xf804b9c19920,ntoskrnl,NtQueryInformationWorkerFactory
0,348,0xf804ba031db0,ntoskrnl,NtQueryInstallUILanguage
0,349,0xf804b9d9ca00,ntoskrnl,NtQueryIntervalProfile
0,350,0xf804ba046190,ntoskrnl,NtQueryIoCompletion
0,351,0xf804b9ce53b0,ntoskrnl,NtQueryIoRingCapabilities
0,352,0xf804b9ec0620,ntoskrnl,NtQueryLicenseValue
0,353,0xf804b9f8fea0,ntoskrnl,NtQueryMultipleValueKey
0,354,0xf804ba008fd0,ntoskrnl,NtQueryMutant
0,355,0xf804b9da8b70,ntoskrnl,NtQueryOpenSubKeys
0,356,0xf804b9da8d70,ntoskrnl,NtQueryOpenSubKeysEx
0,357,0xf804b9cd0160,ntoskrnl,CmpCleanUpHigherLayerKcbCachesPreCallback
0,357,0xf804b9cd0160,ntoskrnl,CmpInvalidateAllHigherLayerKcbsPreCallback
0,357,0xf804b9cd0160,ntoskrnl,CmpPrepareToInvalidateAllHigherLayerKcbsPreCallback
0,357,0xf804b9cd0160,ntoskrnl,HaliAcpiQueryFlags
0,357,0xf804b9cd0160,ntoskrnl,NtQueryPortInformationProcess
0,358,0xf804b9ce5690,ntoskrnl,NtQueryQuotaInformationFile
0,359,0xf804b9ebff10,ntoskrnl,NtQuerySecurityAttributesToken
0,360,0xf804b9e4d010,ntoskrnl,NtQuerySecurityObject
0,361,0xf804b9ec09c0,ntoskrnl,NtQuerySecurityPolicy
0,362,0xf804ba02cd80,ntoskrnl,NtQuerySemaphore
0,363,0xf804b9ec0ca0,ntoskrnl,NtQuerySymbolicLinkObject
0,364,0xf804b9d96e10,ntoskrnl,NtQuerySystemEnvironmentValue
0,365,0xf804b9ee8c90,ntoskrnl,NtQuerySystemEnvironmentValueEx
0,366,0xf804b9f82c80,ntoskrnl,NtQuerySystemInformationEx
0,367,0xf804ba027160,ntoskrnl,NtQueryTimerResolution
0,368,0xf804b9eb5c10,ntoskrnl,NtQueryWnfStateData
0,369,0xf804b9eb3ff0,ntoskrnl,NtQueryWnfStateNameInformation
0,370,0xf804b9fcb790,ntoskrnl,NtQueueApcThreadEx
0,371,0xf804b9fcb7e0,ntoskrnl,NtQueueApcThreadEx2
0,372,0xf804b9c72c50,ntoskrnl,NtRaiseException
0,373,0xf804ba024110,ntoskrnl,NtRaiseHardError
0,374,0xf804b9ab92d0,ntoskrnl,NtReadOnlyEnlistment
0,375,0xf804b9a8ba40,ntoskrnl,NtReadVirtualMemoryEx
0,376,0xf804b9ab92f0,ntoskrnl,NtRecoverEnlistment
0,377,0xf804b9ab9310,ntoskrnl,NtRecoverResourceManager
0,378,0xf804b9ab9330,ntoskrnl,NtRecoverTransactionManager
0,379,0xf804b9ab9850,ntoskrnl,NtRegisterProtocolAddressInformation
0,380,0xf804ba03a1c0,ntoskrnl,NtRegisterThreadTerminatePort
0,381,0xf804ba04ddd0,ntoskrnl,NtReleaseKeyedEvent
0,382,0xf804b98ac1e0,ntoskrnl,NtReleaseWorkerFactoryWorker
0,383,0xf804b9ebf9e0,ntoskrnl,NtRemoveIoCompletionEx
0,384,0xf804ba075560,ntoskrnl,NtRemoveProcessDebug
0,385,0xf804b9da9090,ntoskrnl,NtRenameKey
0,386,0xf804b9ab9870,ntoskrnl,NtRenameTransactionManager
0,387,0xf804b9da9550,ntoskrnl,NtReplaceKey
0,388,0xf804b9c69720,ntoskrnl,NtReplacePartitionUnit
0,389,0xf804b9d13960,ntoskrnl,NtReplyWaitReplyPort
0,390,0xf804ba058400,ntoskrnl,NtRequestPort
0,391,0xf804b9e88150,ntoskrnl,NtResetEvent
0,392,0xf804ba05c070,ntoskrnl,NtResetWriteWatch
0,393,0xf804b9da98a0,ntoskrnl,NtRestoreKey
0,394,0xf804b9d509a0,ntoskrnl,NtResumeProcess
0,395,0xf804b9a30b40,ntoskrnl,NtRevertContainerImpersonation
0,396,0xf804b9ab9350,ntoskrnl,NtRollbackComplete
0,397,0xf804b9ab9370,ntoskrnl,NtRollbackEnlistment
0,398,0xf804b9da9b10,ntoskrnl,NtRollbackRegistryTransaction
0,399,0xf804b9ab9390,ntoskrnl,NtRollbackTransaction
0,400,0xf804b9ab98d0,ntoskrnl,NtRollforwardTransactionManager
0,401,0xf804b9da9c30,ntoskrnl,NtSaveKey
0,402,0xf804ba042400,ntoskrnl,NtSaveKeyEx
0,403,0xf804b9da9c50,ntoskrnl,NtSaveMergedKeys
0,404,0xf804b9e97690,ntoskrnl,NtSecureConnectPort
0,405,0xf804b9e09390,ntoskrnl,NtSerializeBoot
0,406,0xf804ba04e990,ntoskrnl,NtSetBootEntryOrder
0,407,0xf804b9d97110,ntoskrnl,NtSetBootOptions
0,408,0xf804b9ec1620,ntoskrnl,NtSetCachedSigningLevel
0,409,0xf804b9ec1650,ntoskrnl,NtSetCachedSigningLevel2
0,410,0xf804ba0477c0,ntoskrnl,NtSetContextThread
0,411,0xf804b9e093e0,ntoskrnl,NtSetDebugFilterState
0,412,0xf804b9d98bf0,ntoskrnl,NtSetDefaultHardErrorPort
0,413,0xf804ba06bcf0,ntoskrnl,NtSetDefaultLocale
0,414,0xf804ba045470,ntoskrnl,NtSetDefaultUILanguage
0,415,0xf804b9d972f0,ntoskrnl,NtSetDriverEntryOrder
0,416,0xf804ba035a00,ntoskrnl,NtSetEaFile
0,417,0xf804b9f66d70,ntoskrnl,NtSetEventEx
0,418,0xf804b9cca130,ntoskrnl,?GetPnpProperty@NT_DISK@@UEAAJPEAXPEAPEAX@Z
0,418,0xf804b9cca130,ntoskrnl,NtAdjustTokenClaimsAndDeviceGroups
0,418,0xf804b9cca130,ntoskrnl,NtCreateEventPair
0,418,0xf804b9cca130,ntoskrnl,NtDirectGraphicsCall
0,418,0xf804b9cca130,ntoskrnl,NtFilterTokenEx
0,418,0xf804b9cca130,ntoskrnl,NtOpenEventPair
0,418,0xf804b9cca130,ntoskrnl,NtSetHighEventPair
0,418,0xf804b9cca130,ntoskrnl,NtSetHighWaitLowEventPair
0,418,0xf804b9cca130,ntoskrnl,NtSetLowEventPair
0,418,0xf804b9cca130,ntoskrnl,NtSetLowWaitHighEventPair
0,418,0xf804b9cca130,ntoskrnl,NtVdmControl
0,418,0xf804b9cca130,ntoskrnl,NtWaitHighEventPair
0,418,0xf804b9cca130,ntoskrnl,NtWaitLowEventPair
0,418,0xf804b9cca130,ntoskrnl,PsNotifyWriteToExecutableMemory
0,418,0xf804b9cca130,ntoskrnl,SeAdjustObjectSecurity
0,418,0xf804b9cca130,ntoskrnl,xHalIommuMapDevice
0,418,0xf804b9cca130,ntoskrnl,xHalLoadMicrocode
0,418,0xf804b9cca130,ntoskrnl,xHalPostMicrocodeUpdate
0,418,0xf804b9cca130,ntoskrnl,xHalUnloadMicrocode
0,419,0xf804b9cca130,ntoskrnl,?GetPnpProperty@NT_DISK@@UEAAJPEAXPEAPEAX@Z
0,419,0xf804b9cca130,ntoskrnl,NtAdjustTokenClaimsAndDeviceGroups
0,419,0xf804b9cca130,ntoskrnl,NtCreateEventPair
0,419,0xf804b9cca130,ntoskrnl,NtDirectGraphicsCall
0,419,0xf804b9cca130,ntoskrnl,NtFilterTokenEx
0,419,0xf804b9cca130,ntoskrnl,NtOpenEventPair
0,419,0xf804b9cca130,ntoskrnl,NtSetHighEventPair
0,419,0xf804b9cca130,ntoskrnl,NtSetHighWaitLowEventPair
0,419,0xf804b9cca130,ntoskrnl,NtSetLowEventPair
0,419,0xf804b9cca130,ntoskrnl,NtSetLowWaitHighEventPair
0,419,0xf804b9cca130,ntoskrnl,NtVdmControl
0,419,0xf804b9cca130,ntoskrnl,NtWaitHighEventPair
0,419,0xf804b9cca130,ntoskrnl,NtWaitLowEventPair
0,419,0xf804b9cca130,ntoskrnl,PsNotifyWriteToExecutableMemory
0,419,0xf804b9cca130,ntoskrnl,SeAdjustObjectSecurity
0,419,0xf804b9cca130,ntoskrnl,xHalIommuMapDevice
0,419,0xf804b9cca130,ntoskrnl,xHalLoadMicrocode
0,419,0xf804b9cca130,ntoskrnl,xHalPostMicrocodeUpdate
0,419,0xf804b9cca130,ntoskrnl,xHalUnloadMicrocode
0,420,0xf804b9a73290,ntoskrnl,NtSetIRTimer
0,421,0xf804b9d48140,ntoskrnl,NtSetInformationCpuPartition
0,422,0xf804b9cd52a0,ntoskrnl,NtSetInformationDebugObject
0,423,0xf804b9ab93b0,ntoskrnl,NtSetInformationEnlistment
0,424,0xf804b9ce5430,ntoskrnl,NtSetInformationIoRing
0,425,0xf804b9d4a290,ntoskrnl,NtSetInformationJobObject
0,426,0xf804b9f80e70,ntoskrnl,NtSetInformationKey
0,427,0xf804b9ab93d0,ntoskrnl,NtSetInformationResourceManager
0,428,0xf804b9d162c0,ntoskrnl,NtSetInformationSymbolicLink
0,429,0xf804ba049be0,ntoskrnl,NtSetInformationToken
0,430,0xf804b9ab93f0,ntoskrnl,NtSetInformationTransaction
0,431,0xf804b9ab9890,ntoskrnl,NtSetInformationTransactionManager
0,432,0xf804b9fdccc0,ntoskrnl,NtSetInformationVirtualMemory
0,433,0xf804b9ab0350,ntoskrnl,NtSetInformationWorkerFactory
0,434,0xf804b9d9ca70,ntoskrnl,NtSetIntervalProfile
0,435,0xf804b9fb3c70,ntoskrnl,NtSetIoCompletion
0,436,0xf804b9f7fd80,ntoskrnl,NtSetIoCompletionEx
0,437,0xf804b9ab7a80,ntoskrnl,BvgaSetVirtualFrameBuffer
0,437,0xf804b9ab7a80,ntoskrnl,CcTestControl
0,437,0xf804b9ab7a80,ntoskrnl,HalpInterruptGetParkingPageInformation
0,437,0xf804b9ab7a80,ntoskrnl,HalpPicRequestInterrupt
0,437,0xf804b9ab7a80,ntoskrnl,IofGetDriverProxyWrapperFromEndpoint
0,437,0xf804b9ab7a80,ntoskrnl,IommuSetDeviceFaultReportingEx
0,437,0xf804b9ab7a80,ntoskrnl,NtSetLdtEntries
0,437,0xf804b9ab7a80,ntoskrnl,PspQueryDescriptorThread
0,437,0xf804b9ab7a80,ntoskrnl,PspQueryLdtInformation
0,437,0xf804b9ab7a80,ntoskrnl,PspSetLdtInformation
0,437,0xf804b9ab7a80,ntoskrnl,PspSetLdtSize
0,437,0xf804b9ab7a80,ntoskrnl,PspSetProcessIoHandlers
0,437,0xf804b9ab7a80,ntoskrnl,SeUnRegisterAndFreeAccessCheckDebugContext
0,437,0xf804b9ab7a80,ntoskrnl,SkIsSecureKernel
0,437,0xf804b9ab7a80,ntoskrnl,xHalAllocateMapRegisters
0,437,0xf804b9ab7a80,ntoskrnl,xHalConvertAuxiliaryCounterToPerformanceCounter
0,437,0xf804b9ab7a80,ntoskrnl,xHalConvertPerformanceCounterToAuxiliaryCounter
0,437,0xf804b9ab7a80,ntoskrnl,xHalGetIommuInterface
0,437,0xf804b9ab7a80,ntoskrnl,xHalGetIommuInterfaceEx
0,437,0xf804b9ab7a80,ntoskrnl,xHalIommuBeginDeviceReset
0,437,0xf804b9ab7a80,ntoskrnl,xHalIommuBlockDevice
0,437,0xf804b9ab7a80,ntoskrnl,xHalIommuDevicePowerChange
0,437,0xf804b9ab7a80,ntoskrnl,xHalIommuDisableDevicePasid
0,437,0xf804b9ab7a80,ntoskrnl,xHalIommuEnableDevicePasid
0,437,0xf804b9ab7a80,ntoskrnl,xHalIommuFinalizeDeviceReset
0,437,0xf804b9ab7a80,ntoskrnl,xHalIommuFreeLibraryContext
0,437,0xf804b9ab7a80,ntoskrnl,xHalIommuGetLibraryContext
0,437,0xf804b9ab7a80,ntoskrnl,xHalIommuSetAddressSpace
0,437,0xf804b9ab7a80,ntoskrnl,xHalIommuUnblockDevice
0,437,0xf804b9ab7a80,ntoskrnl,xHalIommuUnmapDevice
0,437,0xf804b9ab7a80,ntoskrnl,xHalQueryAuxiliaryCounterFrequency
0,437,0xf804b9ab7a80,ntoskrnl,xHalTimerWatchdogTriggerSystemReset
0,437,0xf804b9ab7a80,ntoskrnl,xKdEnumerateDebuggingDevices
0,437,0xf804b9ab7a80,ntoskrnl,xKdReleaseIntegratedDeviceForDebugging
0,437,0xf804b9ab7a80,ntoskrnl,xKdReleasePciDeviceForDebugging
0,437,0xf804b9ab7a80,ntoskrnl,xKdSetupIntegratedDeviceForDebugging
0,437,0xf804b9ab7a80,ntoskrnl,xKdSetupPciDeviceForDebugging
0,438,0xf804b9cca130,ntoskrnl,?GetPnpProperty@NT_DISK@@UEAAJPEAXPEAPEAX@Z
0,438,0xf804b9cca130,ntoskrnl,NtAdjustTokenClaimsAndDeviceGroups
0,438,0xf804b9cca130,ntoskrnl,NtCreateEventPair
0,438,0xf804b9cca130,ntoskrnl,NtDirectGraphicsCall
0,438,0xf804b9cca130,ntoskrnl,NtFilterTokenEx
0,438,0xf804b9cca130,ntoskrnl,NtOpenEventPair
0,438,0xf804b9cca130,ntoskrnl,NtSetHighEventPair
0,438,0xf804b9cca130,ntoskrnl,NtSetHighWaitLowEventPair
0,438,0xf804b9cca130,ntoskrnl,NtSetLowEventPair
0,438,0xf804b9cca130,ntoskrnl,NtSetLowWaitHighEventPair
0,438,0xf804b9cca130,ntoskrnl,NtVdmControl
0,438,0xf804b9cca130,ntoskrnl,NtWaitHighEventPair
0,438,0xf804b9cca130,ntoskrnl,NtWaitLowEventPair
0,438,0xf804b9cca130,ntoskrnl,PsNotifyWriteToExecutableMemory
0,438,0xf804b9cca130,ntoskrnl,SeAdjustObjectSecurity
0,438,0xf804b9cca130,ntoskrnl,xHalIommuMapDevice
0,438,0xf804b9cca130,ntoskrnl,xHalLoadMicrocode
0,438,0xf804b9cca130,ntoskrnl,xHalPostMicrocodeUpdate
0,438,0xf804b9cca130,ntoskrnl,xHalUnloadMicrocode
0,439,0xf804b9cca130,ntoskrnl,?GetPnpProperty@NT_DISK@@UEAAJPEAXPEAPEAX@Z
0,439,0xf804b9cca130,ntoskrnl,NtAdjustTokenClaimsAndDeviceGroups
0,439,0xf804b9cca130,ntoskrnl,NtCreateEventPair
0,439,0xf804b9cca130,ntoskrnl,NtDirectGraphicsCall
0,439,0xf804b9cca130,ntoskrnl,NtFilterTokenEx
0,439,0xf804b9cca130,ntoskrnl,NtOpenEventPair
0,439,0xf804b9cca130,ntoskrnl,NtSetHighEventPair
0,439,0xf804b9cca130,ntoskrnl,NtSetHighWaitLowEventPair
0,439,0xf804b9cca130,ntoskrnl,NtSetLowEventPair
0,439,0xf804b9cca130,ntoskrnl,NtSetLowWaitHighEventPair
0,439,0xf804b9cca130,ntoskrnl,NtVdmControl
0,439,0xf804b9cca130,ntoskrnl,NtWaitHighEventPair
0,439,0xf804b9cca130,ntoskrnl,NtWaitLowEventPair
0,439,0xf804b9cca130,ntoskrnl,PsNotifyWriteToExecutableMemory
0,439,0xf804b9cca130,ntoskrnl,SeAdjustObjectSecurity
0,439,0xf804b9cca130,ntoskrnl,xHalIommuMapDevice
0,439,0xf804b9cca130,ntoskrnl,xHalLoadMicrocode
0,439,0xf804b9cca130,ntoskrnl,xHalPostMicrocodeUpdate
0,439,0xf804b9cca130,ntoskrnl,xHalUnloadMicrocode
0,440,0xf804b9ce5de0,ntoskrnl,NtSetQuotaInformationFile
0,441,0xf804b9fc8990,ntoskrnl,NtSetSecurityObject
0,442,0xf804b9d974b0,ntoskrnl,NtSetSystemEnvironmentValue
0,443,0xf804b9d977f0,ntoskrnl,NtSetSystemEnvironmentValueEx
0,444,0xf804ba051d40,ntoskrnl,NtSetSystemInformation
0,445,0xf804ba11eea0,ntoskrnl,NtSetSystemPowerState
0,446,0xf804b9d8f580,ntoskrnl,NtSetSystemTime
0,447,0xf804b9e12bb0,ntoskrnl,NtSetThreadExecutionState
0,448,0xf804b993df50,ntoskrnl,NtSetTimer2
0,449,0xf804b9890bb0,ntoskrnl,NtSetTimerEx
0,450,0xf804b9f908a0,ntoskrnl,NtSetTimerResolution
0,451,0xf804b9d99680,ntoskrnl,NtSetUuidSeed
0,452,0xf804b9ce5e00,ntoskrnl,NtSetVolumeInformationFile
0,453,0xf804ba00b690,ntoskrnl,NtSetWnfProcessNotificationEvent
0,454,0xf804b9c12590,ntoskrnl,NtShutdownSystem
0,455,0xf804b993af40,ntoskrnl,NtShutdownWorkerFactory
0,456,0xf804b993eca0,ntoskrnl,NtSignalAndWaitForSingleObject
0,457,0xf804b9ab98b0,ntoskrnl,NtSinglePhaseReject
0,458,0xf804b9d9cad0,ntoskrnl,NtStartProfile
0,459,0xf804b9d9cdd0,ntoskrnl,NtStopProfile
0,460,0xf804b9b50900,ntoskrnl,NtSubmitIoRing
0,461,0xf804b9eb47d0,ntoskrnl,NtSubscribeWnfStateChange
0,462,0xf804ba06b8c0,ntoskrnl,NtSuspendProcess
0,463,0xf804b9f5f270,ntoskrnl,NtSuspendThread
0,464,0xf804ba02a0c0,ntoskrnl,NtSystemDebugControl
0,465,0xf804b9dd2ce0,ntoskrnl,NtTerminateEnclave
0,466,0xf804b9e392d0,ntoskrnl,NtTerminateJobObject
0,467,0xf804b9ff9de0,ntoskrnl,NtTestAlert
0,468,0xf804b9da9f00,ntoskrnl,NtThawRegistry
0,469,0xf804b9ab9410,ntoskrnl,NtThawTransactions
0,470,0xf804b9f2a920,ntoskrnl,NtTraceControl
0,471,0xf804b9fea510,ntoskrnl,NtTranslateFilePath
0,472,0xf804b9aaa300,ntoskrnl,DefaultAddProfileSource
0,472,0xf804b9aaa300,ntoskrnl,DefaultRemoveProfileSource
0,472,0xf804b9aaa300,ntoskrnl,HalpDeallocateMsiLines
0,472,0xf804b9aaa300,ntoskrnl,IoDriverProxyCreateHotSwappableWorkerThread
0,472,0xf804b9aaa300,ntoskrnl,IoRegisterDriverProxyEndpoints
0,472,0xf804b9aaa300,ntoskrnl,IommuQueryInputMappings
0,472,0xf804b9aaa300,ntoskrnl,MiGraphicsProtectionAllowed
0,472,0xf804b9aaa300,ntoskrnl,MmSetBankedSection
0,472,0xf804b9aaa300,ntoskrnl,NtUmsThreadYield
0,472,0xf804b9aaa300,ntoskrnl,PoCancelDeviceNotify
0,472,0xf804b9aaa300,ntoskrnl,PoRegisterDeviceNotify
0,472,0xf804b9aaa300,ntoskrnl,ext_ms_win_accel_api_km_l1_1_0_AccelAcquireResourcesAsync
0,472,0xf804b9aaa300,ntoskrnl,ext_ms_win_accel_api_km_l1_1_0_AccelAcquireResourcesSync
0,472,0xf804b9aaa300,ntoskrnl,ext_ms_win_accel_api_km_l1_1_0_AccelCloseResource
0,472,0xf804b9aaa300,ntoskrnl,ext_ms_win_accel_api_km_l1_1_0_AccelEnumAccelerators
0,472,0xf804b9aaa300,ntoskrnl,ext_ms_win_accel_api_km_l1_1_0_AccelInitializeOffloadWorkspace
0,472,0xf804b9aaa300,ntoskrnl,ext_ms_win_accel_api_km_l1_1_0_AccelQueryResourceInformation
0,472,0xf804b9aaa300,ntoskrnl,ext_ms_win_accel_api_km_l1_1_0_AccelShareAddressSpaceWithResource
0,472,0xf804b9aaa300,ntoskrnl,ext_ms_win_accel_api_km_l1_1_0_AccelStopSharingAddressSpaceWithResource
0,472,0xf804b9aaa300,ntoskrnl,ext_ms_win_fs_clfs_l1_1_0_ClfsAddLogContainer
0,472,0xf804b9aaa300,ntoskrnl,ext_ms_win_fs_clfs_l1_1_0_ClfsCloseLogFileObject
0,472,0xf804b9aaa300,ntoskrnl,ext_ms_win_fs_clfs_l1_1_0_ClfsCreateLogFile
0,472,0xf804b9aaa300,ntoskrnl,ext_ms_win_fs_clfs_l1_1_0_ClfsCreateMarshallingArea
0,472,0xf804b9aaa300,ntoskrnl,ext_ms_win_fs_clfs_l1_1_0_ClfsDeleteLogByPointer
0,472,0xf804b9aaa300,ntoskrnl,ext_ms_win_fs_clfs_l1_1_0_ClfsDeleteMarshallingArea
0,472,0xf804b9aaa300,ntoskrnl,ext_ms_win_fs_clfs_l1_1_0_ClfsFlushToLsn
0,472,0xf804b9aaa300,ntoskrnl,ext_ms_win_fs_clfs_l1_1_0_ClfsGetLogFileInformation
0,472,0xf804b9aaa300,ntoskrnl,ext_ms_win_fs_clfs_l1_1_0_ClfsLsnDifference
0,472,0xf804b9aaa300,ntoskrnl,ext_ms_win_fs_clfs_l1_1_0_ClfsMgmtDeregisterManagedClient
0,472,0xf804b9aaa300,ntoskrnl,ext_ms_win_fs_clfs_l1_1_0_ClfsMgmtInstallPolicy
0,472,0xf804b9aaa300,ntoskrnl,ext_ms_win_fs_clfs_l1_1_0_ClfsMgmtRegisterManagedClient
0,472,0xf804b9aaa300,ntoskrnl,ext_ms_win_fs_clfs_l1_1_0_ClfsReadLogRecord
0,472,0xf804b9aaa300,ntoskrnl,ext_ms_win_fs_clfs_l1_1_0_ClfsReadNextLogRecord
0,472,0xf804b9aaa300,ntoskrnl,ext_ms_win_fs_clfs_l1_1_0_ClfsReadRestartArea
0,472,0xf804b9aaa300,ntoskrnl,ext_ms_win_fs_clfs_l1_1_0_ClfsReserveAndAppendLog
0,472,0xf804b9aaa300,ntoskrnl,ext_ms_win_fs_clfs_l1_1_0_ClfsTerminateReadLog
0,472,0xf804b9aaa300,ntoskrnl,ext_ms_win_fs_clfs_l1_1_0_ClfsWriteRestartArea
0,472,0xf804b9aaa300,ntoskrnl,ext_ms_win_ntos_clipsp_l1_1_0_ClipSpInitialize
0,472,0xf804b9aaa300,ntoskrnl,ext_ms_win_ntos_globmerger_l1_1_0_CimfsMountBootVolume
0,472,0xf804b9aaa300,ntoskrnl,ext_ms_win_ntos_globmerger_l1_1_0_CimfsSetBootInformation
0,472,0xf804b9aaa300,ntoskrnl,ext_ms_win_ntos_globmerger_l1_1_0_CompositefsSetBootInformation
0,472,0xf804b9aaa300,ntoskrnl,ext_ms_win_ntos_kcminitcfg_l1_1_0_CmSetInitMachineConfig
0,472,0xf804b9aaa300,ntoskrnl,ext_ms_win_ntos_ksecurity_l1_1_1_QueryUpdateFileEaAllowedExt
0,472,0xf804b9aaa300,ntoskrnl,ext_ms_win_ntos_ksr_l1_1_5_KsrClaimPersistedMemory
0,472,0xf804b9aaa300,ntoskrnl,ext_ms_win_ntos_ksr_l1_1_5_KsrCleanupPageDatabase
0,472,0xf804b9aaa300,ntoskrnl,ext_ms_win_ntos_ksr_l1_1_5_KsrEnumeratePersistedMemory
0,472,0xf804b9aaa300,ntoskrnl,ext_ms_win_ntos_ksr_l1_1_5_KsrGetFirmwareInformation
0,472,0xf804b9aaa300,ntoskrnl,ext_ms_win_ntos_ksr_l1_1_5_KsrInitPageDatabase
0,472,0xf804b9aaa300,ntoskrnl,ext_ms_win_ntos_ksr_l1_1_5_KsrInitSystem
0,472,0xf804b9aaa300,ntoskrnl,ext_ms_win_ntos_ksr_l1_1_5_KsrMdlToMemoryRuns
0,472,0xf804b9aaa300,ntoskrnl,ext_ms_win_ntos_ksr_l1_1_5_KsrPersistMemoryWithMetadata
0,472,0xf804b9aaa300,ntoskrnl,ext_ms_win_ntos_ksr_l1_1_5_KsrQueryMetadata
0,472,0xf804b9aaa300,ntoskrnl,ext_ms_win_ntos_runlevels_l1_1_0_ExpInitializeRunLevel0
0,472,0xf804b9aaa300,ntoskrnl,ext_ms_win_ntos_stateseparation_l1_1_0_ExpInitializeStateSeparationPhase0
0,472,0xf804b9aaa300,ntoskrnl,ext_ms_win_ntos_stateseparation_l1_1_0_ExpInitializeStateSeparationPhase1
0,472,0xf804b9aaa300,ntoskrnl,ext_ms_win_ntos_stateseparation_l1_1_0_ExpInitializeStateSeparationPhase2
0,472,0xf804b9aaa300,ntoskrnl,ext_ms_win_ntos_tm_l1_1_0_NtCommitComplete
0,472,0xf804b9aaa300,ntoskrnl,ext_ms_win_ntos_tm_l1_1_0_NtCommitEnlistment
0,472,0xf804b9aaa300,ntoskrnl,ext_ms_win_ntos_tm_l1_1_0_NtCommitTransaction
0,472,0xf804b9aaa300,ntoskrnl,ext_ms_win_ntos_tm_l1_1_0_NtCreateEnlistment
0,472,0xf804b9aaa300,ntoskrnl,ext_ms_win_ntos_tm_l1_1_0_NtCreateResourceManager
0,472,0xf804b9aaa300,ntoskrnl,ext_ms_win_ntos_tm_l1_1_0_NtCreateTransaction
0,472,0xf804b9aaa300,ntoskrnl,ext_ms_win_ntos_tm_l1_1_0_NtCreateTransactionManager
0,472,0xf804b9aaa300,ntoskrnl,ext_ms_win_ntos_tm_l1_1_0_NtEnumerateTransactionObject
0,472,0xf804b9aaa300,ntoskrnl,ext_ms_win_ntos_tm_l1_1_0_NtFreezeTransactions
0,472,0xf804b9aaa300,ntoskrnl,ext_ms_win_ntos_tm_l1_1_0_NtGetNotificationResourceManager
0,472,0xf804b9aaa300,ntoskrnl,ext_ms_win_ntos_tm_l1_1_0_NtOpenEnlistment
0,472,0xf804b9aaa300,ntoskrnl,ext_ms_win_ntos_tm_l1_1_0_NtOpenResourceManager
0,472,0xf804b9aaa300,ntoskrnl,ext_ms_win_ntos_tm_l1_1_0_NtOpenTransaction
0,472,0xf804b9aaa300,ntoskrnl,ext_ms_win_ntos_tm_l1_1_0_NtOpenTransactionManager
0,472,0xf804b9aaa300,ntoskrnl,ext_ms_win_ntos_tm_l1_1_0_NtPrePrepareComplete
0,472,0xf804b9aaa300,ntoskrnl,ext_ms_win_ntos_tm_l1_1_0_NtPrePrepareEnlistment
0,472,0xf804b9aaa300,ntoskrnl,ext_ms_win_ntos_tm_l1_1_0_NtPrepareComplete
0,472,0xf804b9aaa300,ntoskrnl,ext_ms_win_ntos_tm_l1_1_0_NtPrepareEnlistment
0,472,0xf804b9aaa300,ntoskrnl,ext_ms_win_ntos_tm_l1_1_0_NtPropagationComplete
0,472,0xf804b9aaa300,ntoskrnl,ext_ms_win_ntos_tm_l1_1_0_NtPropagationFailed
0,472,0xf804b9aaa300,ntoskrnl,ext_ms_win_ntos_tm_l1_1_0_NtQueryInformationEnlistment
0,472,0xf804b9aaa300,ntoskrnl,ext_ms_win_ntos_tm_l1_1_0_NtQueryInformationResourceManager
0,472,0xf804b9aaa300,ntoskrnl,ext_ms_win_ntos_tm_l1_1_0_NtQueryInformationTransaction
0,472,0xf804b9aaa300,ntoskrnl,ext_ms_win_ntos_tm_l1_1_0_NtQueryInformationTransactionManager
0,472,0xf804b9aaa300,ntoskrnl,ext_ms_win_ntos_tm_l1_1_0_NtReadOnlyEnlistment
0,472,0xf804b9aaa300,ntoskrnl,ext_ms_win_ntos_tm_l1_1_0_NtRecoverEnlistment
0,472,0xf804b9aaa300,ntoskrnl,ext_ms_win_ntos_tm_l1_1_0_NtRecoverResourceManager
0,472,0xf804b9aaa300,ntoskrnl,ext_ms_win_ntos_tm_l1_1_0_NtRecoverTransactionManager
0,472,0xf804b9aaa300,ntoskrnl,ext_ms_win_ntos_tm_l1_1_0_NtRegisterProtocolAddressInformation
0,472,0xf804b9aaa300,ntoskrnl,ext_ms_win_ntos_tm_l1_1_0_NtRenameTransactionManager
0,472,0xf804b9aaa300,ntoskrnl,ext_ms_win_ntos_tm_l1_1_0_NtRollbackComplete
0,472,0xf804b9aaa300,ntoskrnl,ext_ms_win_ntos_tm_l1_1_0_NtRollbackEnlistment
0,472,0xf804b9aaa300,ntoskrnl,ext_ms_win_ntos_tm_l1_1_0_NtRollbackTransaction
0,472,0xf804b9aaa300,ntoskrnl,ext_ms_win_ntos_tm_l1_1_0_NtRollforwardTransactionManager
0,472,0xf804b9aaa300,ntoskrnl,ext_ms_win_ntos_tm_l1_1_0_NtSetInformationEnlistment
0,472,0xf804b9aaa300,ntoskrnl,ext_ms_win_ntos_tm_l1_1_0_NtSetInformationResourceManager
0,472,0xf804b9aaa300,ntoskrnl,ext_ms_win_ntos_tm_l1_1_0_NtSetInformationTransaction
0,472,0xf804b9aaa300,ntoskrnl,ext_ms_win_ntos_tm_l1_1_0_NtSetInformationTransactionManager
0,472,0xf804b9aaa300,ntoskrnl,ext_ms_win_ntos_tm_l1_1_0_NtSinglePhaseReject
0,472,0xf804b9aaa300,ntoskrnl,ext_ms_win_ntos_tm_l1_1_0_NtThawTransactions
0,472,0xf804b9aaa300,ntoskrnl,ext_ms_win_ntos_tm_l1_1_0_TmCancelPropagationRequest
0,472,0xf804b9aaa300,ntoskrnl,ext_ms_win_ntos_tm_l1_1_0_TmCommitComplete
0,472,0xf804b9aaa300,ntoskrnl,ext_ms_win_ntos_tm_l1_1_0_TmCommitEnlistment
0,472,0xf804b9aaa300,ntoskrnl,ext_ms_win_ntos_tm_l1_1_0_TmCommitTransaction
0,472,0xf804b9aaa300,ntoskrnl,ext_ms_win_ntos_tm_l1_1_0_TmCreateEnlistment
0,472,0xf804b9aaa300,ntoskrnl,ext_ms_win_ntos_tm_l1_1_0_TmCurrentTransaction
0,472,0xf804b9aaa300,ntoskrnl,ext_ms_win_ntos_tm_l1_1_0_TmDereferenceEnlistmentKey
0,472,0xf804b9aaa300,ntoskrnl,ext_ms_win_ntos_tm_l1_1_0_TmEnableCallbacks
0,472,0xf804b9aaa300,ntoskrnl,ext_ms_win_ntos_tm_l1_1_0_TmEndPropagationRequest
0,472,0xf804b9aaa300,ntoskrnl,ext_ms_win_ntos_tm_l1_1_0_TmFreezeTransactions
0,472,0xf804b9aaa300,ntoskrnl,ext_ms_win_ntos_tm_l1_1_0_TmInitSystem
0,472,0xf804b9aaa300,ntoskrnl,ext_ms_win_ntos_tm_l1_1_0_TmInitializeTransactionManager
0,472,0xf804b9aaa300,ntoskrnl,ext_ms_win_ntos_tm_l1_1_0_TmPrePrepareComplete
0,472,0xf804b9aaa300,ntoskrnl,ext_ms_win_ntos_tm_l1_1_0_TmPrePrepareEnlistment
0,472,0xf804b9aaa300,ntoskrnl,ext_ms_win_ntos_tm_l1_1_0_TmPrepareComplete
0,472,0xf804b9aaa300,ntoskrnl,ext_ms_win_ntos_tm_l1_1_0_TmPrepareEnlistment
0,472,0xf804b9aaa300,ntoskrnl,ext_ms_win_ntos_tm_l1_1_0_TmPropagationComplete
0,472,0xf804b9aaa300,ntoskrnl,ext_ms_win_ntos_tm_l1_1_0_TmPropagationFailed
0,472,0xf804b9aaa300,ntoskrnl,ext_ms_win_ntos_tm_l1_1_0_TmReadOnlyEnlistment
0,472,0xf804b9aaa300,ntoskrnl,ext_ms_win_ntos_tm_l1_1_0_TmRecoverEnlistment
0,472,0xf804b9aaa300,ntoskrnl,ext_ms_win_ntos_tm_l1_1_0_TmRecoverResourceManager
0,472,0xf804b9aaa300,ntoskrnl,ext_ms_win_ntos_tm_l1_1_0_TmRecoverTransactionManager
0,472,0xf804b9aaa300,ntoskrnl,ext_ms_win_ntos_tm_l1_1_0_TmReferenceEnlistmentKey
0,472,0xf804b9aaa300,ntoskrnl,ext_ms_win_ntos_tm_l1_1_0_TmRenameTransactionManager
0,472,0xf804b9aaa300,ntoskrnl,ext_ms_win_ntos_tm_l1_1_0_TmRequestOutcomeEnlistment
0,472,0xf804b9aaa300,ntoskrnl,ext_ms_win_ntos_tm_l1_1_0_TmRollbackComplete
0,472,0xf804b9aaa300,ntoskrnl,ext_ms_win_ntos_tm_l1_1_0_TmRollbackEnlistment
0,472,0xf804b9aaa300,ntoskrnl,ext_ms_win_ntos_tm_l1_1_0_TmRollbackTransaction
0,472,0xf804b9aaa300,ntoskrnl,ext_ms_win_ntos_tm_l1_1_0_TmSetCurrentTransaction
0,472,0xf804b9aaa300,ntoskrnl,ext_ms_win_ntos_tm_l1_1_0_TmSinglePhaseReject
0,472,0xf804b9aaa300,ntoskrnl,ext_ms_win_ntos_tm_l1_1_0_TmThawTransactions
0,472,0xf804b9aaa300,ntoskrnl,ext_ms_win_ntos_trace_l1_1_0_TraceInitSystem
0,472,0xf804b9aaa300,ntoskrnl,ext_ms_win_ntos_ucode_l1_1_0_ExpMicrocodeInformationLoad
0,472,0xf804b9aaa300,ntoskrnl,ext_ms_win_ntos_ucode_l1_1_0_ExpMicrocodeInformationUnload
0,472,0xf804b9aaa300,ntoskrnl,ext_ms_win_ntos_ucode_l1_1_0_ExpMicrocodeInitialization
0,472,0xf804b9aaa300,ntoskrnl,ext_ms_win_ntos_werkernel_l1_1_1_WerLiveKernelCancelReport
0,472,0xf804b9aaa300,ntoskrnl,ext_ms_win_ntos_werkernel_l1_1_1_WerLiveKernelCloseHandle
0,472,0xf804b9aaa300,ntoskrnl,ext_ms_win_ntos_werkernel_l1_1_1_WerLiveKernelCreateReport
0,472,0xf804b9aaa300,ntoskrnl,ext_ms_win_ntos_werkernel_l1_1_1_WerLiveKernelInitSystem
0,472,0xf804b9aaa300,ntoskrnl,ext_ms_win_ntos_werkernel_l1_1_1_WerLiveKernelOpenDumpFile
0,472,0xf804b9aaa300,ntoskrnl,ext_ms_win_ntos_werkernel_l1_1_1_WerLiveKernelSubmitReport
0,472,0xf804b9aaa300,ntoskrnl,xHalAllocateGsivForSecondaryInterrupt
0,472,0xf804b9aaa300,ntoskrnl,xHalAllocateMessageTarget
0,472,0xf804b9aaa300,ntoskrnl,xHalCaptureLastBranchRecordStack
0,472,0xf804b9aaa300,ntoskrnl,xHalClockTimerArm
0,472,0xf804b9aaa300,ntoskrnl,xHalConfigureLastBranchRecord
0,472,0xf804b9aaa300,ntoskrnl,xHalConnectSyntheticInterrupt
0,472,0xf804b9aaa300,ntoskrnl,xHalConnectThermalInterrupt
0,472,0xf804b9aaa300,ntoskrnl,xHalDmaCheckAdapterToken
0,472,0xf804b9aaa300,ntoskrnl,xHalDmaLinkDeviceObjectByToken
0,472,0xf804b9aaa300,ntoskrnl,xHalEndMirroring
0,472,0xf804b9aaa300,ntoskrnl,xHalEnumerateEnvironmentVariablesWithFilter
0,472,0xf804b9aaa300,ntoskrnl,xHalEnumerateUnmaskedInterrupts
0,472,0xf804b9aaa300,ntoskrnl,xHalGetProcessorStats
0,472,0xf804b9aaa300,ntoskrnl,xHalGetVectorInput
0,472,0xf804b9aaa300,ntoskrnl,xHalInitPnpDriver
0,472,0xf804b9aaa300,ntoskrnl,xHalInitPowerManagement
0,472,0xf804b9aaa300,ntoskrnl,xHalInterruptGetHighestPriorityInterrupt
0,472,0xf804b9aaa300,ntoskrnl,xHalInterruptSetDestination
0,472,0xf804b9aaa300,ntoskrnl,xHalInterruptVectorDataToGsiv
0,472,0xf804b9aaa300,ntoskrnl,xHalIommuCreateAtsDevice
0,472,0xf804b9aaa300,ntoskrnl,xHalIommuGetAtsSettings
0,472,0xf804b9aaa300,ntoskrnl,xHalIommuGetDomainTransitionSupport
0,472,0xf804b9aaa300,ntoskrnl,xHalMaskInterrupt
0,472,0xf804b9aaa300,ntoskrnl,xHalMirrorPhysicalMemory
0,472,0xf804b9aaa300,ntoskrnl,xHalMirrorVerify
0,472,0xf804b9aaa300,ntoskrnl,xHalPrepareProcessorForIdle
0,472,0xf804b9aaa300,ntoskrnl,xHalProcessorFreeze
0,472,0xf804b9aaa300,ntoskrnl,xHalProcessorOff
0,472,0xf804b9aaa300,ntoskrnl,xHalProcessorOn
0,472,0xf804b9aaa300,ntoskrnl,xHalQueryCapsuleCapabilities
0,472,0xf804b9aaa300,ntoskrnl,xHalReadWheaPhysicalMemory
0,472,0xf804b9aaa300,ntoskrnl,xHalRequestGenericErrorRecovery
0,472,0xf804b9aaa300,ntoskrnl,xHalRequestInterrupt
0,472,0xf804b9aaa300,ntoskrnl,xHalRequestPmuAccess
0,472,0xf804b9aaa300,ntoskrnl,xHalSecondaryInterruptQueryPrimaryInformation
0,472,0xf804b9aaa300,ntoskrnl,xHalStartLastBranchRecord
0,472,0xf804b9aaa300,ntoskrnl,xHalStartProfileInterruptEx
0,472,0xf804b9aaa300,ntoskrnl,xHalStopLastBranchRecord
0,472,0xf804b9aaa300,ntoskrnl,xHalTimerQueryHostPerformanceCounter
0,472,0xf804b9aaa300,ntoskrnl,xHalTopologyQueryProcessorCacheInformation
0,472,0xf804b9aaa300,ntoskrnl,xHalTopologyQueryProcessorRelationships
0,472,0xf804b9aaa300,ntoskrnl,xHalUnmaskInterrupt
0,472,0xf804b9aaa300,ntoskrnl,xHalUpdateCapsule
0,472,0xf804b9aaa300,ntoskrnl,xHalWheaInitProcessorGenericSection
0,472,0xf804b9aaa300,ntoskrnl,xHalWriteWheaPhysicalMemory
0,473,0xf804ba02de60,ntoskrnl,NtUnloadDriver
0,474,0xf804ba05f960,ntoskrnl,NtUnloadKey
0,475,0xf804b9da9fa0,ntoskrnl,NtUnloadKey2
0,476,0xf804ba06c910,ntoskrnl,NtUnloadKeyEx
0,477,0xf804b9fb5940,ntoskrnl,NtUnlockFile
0,478,0xf804b99ffe50,ntoskrnl,NtUnlockVirtualMemory
0,479,0xf804b9ea4d50,ntoskrnl,NtUnmapViewOfSectionEx
0,480,0xf804b9eb3f30,ntoskrnl,NtUnsubscribeWnfStateChange
0,481,0xf804b9eb6920,ntoskrnl,NtUpdateWnfStateData
0,482,0xf804b9cca130,ntoskrnl,?GetPnpProperty@NT_DISK@@UEAAJPEAXPEAPEAX@Z
0,482,0xf804b9cca130,ntoskrnl,NtAdjustTokenClaimsAndDeviceGroups
0,482,0xf804b9cca130,ntoskrnl,NtCreateEventPair
0,482,0xf804b9cca130,ntoskrnl,NtDirectGraphicsCall
0,482,0xf804b9cca130,ntoskrnl,NtFilterTokenEx
0,482,0xf804b9cca130,ntoskrnl,NtOpenEventPair
0,482,0xf804b9cca130,ntoskrnl,NtSetHighEventPair
0,482,0xf804b9cca130,ntoskrnl,NtSetHighWaitLowEventPair
0,482,0xf804b9cca130,ntoskrnl,NtSetLowEventPair
0,482,0xf804b9cca130,ntoskrnl,NtSetLowWaitHighEventPair
0,482,0xf804b9cca130,ntoskrnl,NtVdmControl
0,482,0xf804b9cca130,ntoskrnl,NtWaitHighEventPair
0,482,0xf804b9cca130,ntoskrnl,NtWaitLowEventPair
0,482,0xf804b9cca130,ntoskrnl,PsNotifyWriteToExecutableMemory
0,482,0xf804b9cca130,ntoskrnl,SeAdjustObjectSecurity
0,482,0xf804b9cca130,ntoskrnl,xHalIommuMapDevice
0,482,0xf804b9cca130,ntoskrnl,xHalLoadMicrocode
0,482,0xf804b9cca130,ntoskrnl,xHalPostMicrocodeUpdate
0,482,0xf804b9cca130,ntoskrnl,xHalUnloadMicrocode
0,483,0xf804b9fbb580,ntoskrnl,NtWaitForAlertByThreadId
0,484,0xf804ba00a290,ntoskrnl,NtWaitForDebugEvent
0,485,0xf804ba063030,ntoskrnl,NtWaitForKeyedEvent
0,486,0xf804b98217a0,ntoskrnl,NtWaitForWorkViaWorkerFactory
0,487,0xf804b9cca130,ntoskrnl,?GetPnpProperty@NT_DISK@@UEAAJPEAXPEAPEAX@Z
0,487,0xf804b9cca130,ntoskrnl,NtAdjustTokenClaimsAndDeviceGroups
0,487,0xf804b9cca130,ntoskrnl,NtCreateEventPair
0,487,0xf804b9cca130,ntoskrnl,NtDirectGraphicsCall
0,487,0xf804b9cca130,ntoskrnl,NtFilterTokenEx
0,487,0xf804b9cca130,ntoskrnl,NtOpenEventPair
0,487,0xf804b9cca130,ntoskrnl,NtSetHighEventPair
0,487,0xf804b9cca130,ntoskrnl,NtSetHighWaitLowEventPair
0,487,0xf804b9cca130,ntoskrnl,NtSetLowEventPair
0,487,0xf804b9cca130,ntoskrnl,NtSetLowWaitHighEventPair
0,487,0xf804b9cca130,ntoskrnl,NtVdmControl
0,487,0xf804b9cca130,ntoskrnl,NtWaitHighEventPair
0,487,0xf804b9cca130,ntoskrnl,NtWaitLowEventPair
0,487,0xf804b9cca130,ntoskrnl,PsNotifyWriteToExecutableMemory
0,487,0xf804b9cca130,ntoskrnl,SeAdjustObjectSecurity
0,487,0xf804b9cca130,ntoskrnl,xHalIommuMapDevice
0,487,0xf804b9cca130,ntoskrnl,xHalLoadMicrocode
0,487,0xf804b9cca130,ntoskrnl,xHalPostMicrocodeUpdate
0,487,0xf804b9cca130,ntoskrnl,xHalUnloadMicrocode
0,488,0xf804b9cca130,ntoskrnl,?GetPnpProperty@NT_DISK@@UEAAJPEAXPEAPEAX@Z
0,488,0xf804b9cca130,ntoskrnl,NtAdjustTokenClaimsAndDeviceGroups
0,488,0xf804b9cca130,ntoskrnl,NtCreateEventPair
0,488,0xf804b9cca130,ntoskrnl,NtDirectGraphicsCall
0,488,0xf804b9cca130,ntoskrnl,NtFilterTokenEx
0,488,0xf804b9cca130,ntoskrnl,NtOpenEventPair
0,488,0xf804b9cca130,ntoskrnl,NtSetHighEventPair
0,488,0xf804b9cca130,ntoskrnl,NtSetHighWaitLowEventPair
0,488,0xf804b9cca130,ntoskrnl,NtSetLowEventPair
0,488,0xf804b9cca130,ntoskrnl,NtSetLowWaitHighEventPair
0,488,0xf804b9cca130,ntoskrnl,NtVdmControl
0,488,0xf804b9cca130,ntoskrnl,NtWaitHighEventPair
0,488,0xf804b9cca130,ntoskrnl,NtWaitLowEventPair
0,488,0xf804b9cca130,ntoskrnl,PsNotifyWriteToExecutableMemory
0,488,0xf804b9cca130,ntoskrnl,SeAdjustObjectSecurity
0,488,0xf804b9cca130,ntoskrnl,xHalIommuMapDevice
0,488,0xf804b9cca130,ntoskrnl,xHalLoadMicrocode
0,488,0xf804b9cca130,ntoskrnl,xHalPostMicrocodeUpdate
0,488,0xf804b9cca130,ntoskrnl,xHalUnloadMicrocode

